scenario,totnoaq,tot
highcrop,220.464702,-901.21418
nineties,209.147256,433.893186
forest,354.819112,399.30258
urban,91.271742,-148.996741
natl,-37.370152,166.69694
